Rank,Ligand_ID,Score_kcal_mol,Conformer_used,N_conformers,N_poses_sampled,Polar_contacts,Polar_residues,Hydrophobic_contacts,Hydrophobic_residues,Min_dist_to_hinge_A,QUBO_A_agrees_with_argmin
1,SANC00131,-7.154,2,3,144,4,ASP145; GLU81; LEU83; LYS33,12,ALA144; ALA31; ASP86; HIS84; ILE10; LEU134; LEU83; LYS33; PHE80; PHE82; VAL18; VAL64,2.29,True
2,SANC00265,-6.727,2,5,240,4,ASP145; GLN131; LYS33; LYS89,7,ASP145; GLN131; GLU12; GLY11; GLY13; ILE10; VAL18,6.55,True
3,SANC00107,-6.32,2,4,192,7,ASP145; ASP86; GLU12; GLY13; LEU83; LYS33; LYS89,15,ALA144; ASP145; ASP86; GLN131; GLN85; GLU12; GLY13; HIS84; ILE10; LEU134; LEU83; LYS89; PHE80; VAL18; VAL64,4.01,True
4,SANC00288,-6.198,2,6,288,4,ASN132; ASP145; HIS84; LYS33,15,ALA144; ASN132; ASP145; GLN131; GLN85; GLY13; HIS84; ILE10; LEU134; LEU83; LYS129; LYS89; PHE82; THR14; VAL18,3.04,True
5,SANC00306,-6.041,4,5,240,5,ASP145; ASP86; GLY13; GLY16; LYS33,8,ALA31; GLN131; GLU12; GLY13; LEU134; LYS33; PHE82; VAL18,3.25,True
6,SANC00287,-5.995,1,6,288,1,GLU12,12,ALA144; ALA31; GLU12; GLY13; ILE10; LEU134; LYS129; LYS33; THR14; THR158; VAL18; VAL64,5.73,True
7,SANC00403,-5.939,0,6,288,9,ASN132; ASP145; GLN131; GLU12; GLU8; ILE10; LYS129; LYS89; THR14,10,ALA144; ALA31; GLN131; GLY11; GLY13; ILE10; LEU134; LYS129; LYS89; VAL18,6.45,True
8,SANC00153,-5.836,0,6,288,1,GLU12,9,ALA144; ALA31; GLN131; GLY11; ILE10; LEU134; LYS33; PHE80; VAL18,4.91,True
9,SANC00365,-5.766,2,5,240,4,ASP145; GLU12; LYS33; THR14,8,ALA144; ALA31; GLN131; GLY11; ILE10; LYS33; PHE80; VAL18,4.37,True
10,SANC00164,-5.765,1,6,288,1,LEU83,10,ALA144; ALA31; GLN131; GLU12; GLY11; ILE10; LEU134; PHE80; PHE82; VAL18,1.71,True
11,SANC00249,-5.694,0,4,192,7,ASP145; ASP86; GLU12; GLY13; LEU83; LYS33; LYS89,5,ALA31; ASP86; ILE10; PHE82; VAL18,2.29,True
12,SANC00373,-5.657,5,6,288,3,ASP145; ASP86; LYS33,10,ALA144; ALA31; GLN131; GLU12; GLY11; GLY13; ILE10; LEU134; VAL18; VAL64,4.96,True
13,SANC00219,-5.653,0,4,192,1,LYS89,10,ALA144; ALA31; ASP145; ASP86; GLN131; ILE10; LYS33; PHE80; VAL18; VAL64,5.85,True
14,SANC00175,-5.621,1,4,192,1,LEU83,12,ALA144; ALA31; ASN132; ASP145; GLN131; GLY13; ILE10; LEU134; LYS129; LYS33; PHE80; VAL18,3.37,True
15,SANC00387,-5.569,1,6,288,3,GLN131; LYS129; THR14,8,ALA144; ALA31; ASP145; ILE10; LEU134; LYS129; LYS33; VAL18,4.6,True
16,SANC00200,-5.5,2,6,288,6,ASP86; GLU12; HIS84; ILE10; LYS129; LYS33,11,ASN132; ASP145; ASP86; GLN85; GLY11; ILE10; LEU134; LYS129; LYS89; PHE80; VAL18,5.03,True
17,SANC00101,-5.455,4,5,240,4,ASP145; GLU12; LEU83; LYS33,6,ALA31; GLU12; GLY13; ILE10; LEU134; VAL18,1.73,True
18,SANC00305,-5.429,3,4,192,2,ASP86; LYS89,8,ALA144; ASP145; ASP86; ILE10; LEU134; LYS33; PHE80; VAL18,5.59,True
19,SANC00170,-5.42,0,4,192,3,ASP145; ILE10; LYS33,9,ALA31; GLN131; GLU12; GLY13; ILE10; LEU134; LYS33; PHE80; VAL18,5.34,True
20,SANC00279,-5.398,0,5,240,4,ASP145; GLN131; GLU81; LEU83,9,ALA144; ALA31; GLN131; GLU12; GLY11; GLY13; ILE10; LEU134; VAL18,2.78,True
21,SANC00376,-5.383,2,3,144,1,LYS89,9,ALA31; ASP145; GLN131; GLN85; HIS84; ILE10; LEU134; LYS89; VAL18,3.34,True
22,SANC00289,-5.376,2,6,288,2,GLU12; GLU81,12,ALA144; ALA31; ASP145; GLN131; GLU12; GLY11; GLY13; ILE10; LEU134; LYS33; PHE80; VAL18,5.02,True
23,SANC00147,-5.346,3,4,192,2,ASP145; GLU12,8,ALA144; ASP145; ASP86; GLY11; ILE10; LEU134; LYS33; VAL18,5.82,True
24,SANC00264,-5.345,2,5,240,3,ASP145; LYS33; LYS88,8,ALA144; ASP86; GLN131; GLU12; GLY11; ILE10; LEU134; VAL18,7.05,True
25,SANC00328,-5.308,2,3,144,5,ASN132; ASP86; GLN131; GLU12; LYS89,13,ALA144; ASP145; ASP86; GLN131; GLN85; GLU12; GLY11; ILE10; LEU134; LYS33; LYS89; PHE80; VAL18,5.03,True
26,SANC00364,-5.247,1,4,192,5,ASN132; ASP145; ASP86; LYS33; LYS89,11,ALA144; ALA31; ASP145; GLN131; GLU12; GLY11; GLY13; ILE10; LEU134; LYS33; VAL18,5.3,True
27,SANC00241,-5.203,2,3,144,5,ASP145; GLU12; GLU81; LEU83; LYS33,7,ALA31; GLU12; GLY11; LEU134; PHE80; VAL18; VAL64,3.98,True
28,SANC00344,-5.191,5,6,288,4,ASP86; GLU12; LYS33; LYS89,7,ALA144; ALA31; GLY11; ILE10; LEU134; PHE80; VAL18,5.96,True
29,SANC00234,-5.16,3,6,288,1,LYS33,11,ALA144; GLN131; GLU12; GLY13; ILE10; LEU134; LYS129; THR165; VAL163; VAL164; VAL18,3.83,True
30,SANC00308,-5.156,0,3,144,2,ASP86; GLN131,11,ALA144; ALA31; ASN132; ASP145; ASP86; ILE10; LEU134; PHE80; PHE82; VAL18; VAL64,3.62,True
31,SANC00233,-5.147,2,6,288,3,ASN132; GLN131; GLU81,11,ALA144; ALA31; ASP86; GLN131; GLU12; GLY11; ILE10; LEU134; LYS33; PHE80; VAL18,5.49,True
32,[H][C@@]23C[C@]1(C=C(Br)C(=O)C[C@@]1([H])S2)c4c(N3)c(=O)c6[nH]cc5CCN=c4c56,-5.145,1,4,192,3,ASP145; LYS33; LYS89,5,ALA31; ASP86; GLN131; ILE10; VAL18,4.2,True
33,SANC00349,-5.09,0,1,48,4,ASN132; ASP145; GLN131; LYS33,7,ALA144; ALA31; ASP145; GLN131; ILE10; LEU134; VAL18,4.39,True
34,SANC00129,-5.01,0,1,48,2,ASP145; LYS33,7,ALA31; ILE10; LEU134; LYS33; PHE80; VAL18; VAL64,3.95,True
35,SANC00346,-4.959,2,6,288,6,ASN132; ASP145; GLU12; GLY11; ILE10; LYS33,9,ALA144; ALA31; GLY11; ILE10; LEU134; LYS33; PHE80; VAL18; VAL64,5.9,True
36,SANC00146,-4.893,0,2,96,1,LEU83,7,ASP86; GLN131; GLU12; GLY11; ILE10; LEU134; VAL18,2.77,True
37,SANC00174,-4.887,5,6,288,2,ASP145; LYS33,11,ALA144; ALA31; ASP145; ASP86; GLN131; GLU12; GLY11; ILE10; LEU134; LYS33; VAL18,3.94,True
38,SANC00281,-4.88,3,6,288,5,ASP145; ASP86; GLN131; GLU12; LYS33,10,ALA144; ASP145; ASP86; GLN131; GLN85; GLY13; ILE10; LEU134; LYS89; VAL18,4.74,True
39,SANC00183,-4.803,4,6,288,4,ASP86; ILE10; LYS88; LYS89,8,ALA144; ASP145; ASP86; GLN131; GLY13; ILE10; LEU134; LYS88,4.99,True
40,SANC00299,-4.795,0,2,96,4,ASP145; GLN131; LYS129; LYS33,9,ALA144; ASN132; ASP145; GLN131; GLU12; GLY13; ILE10; LYS129; VAL18,6.82,True
41,SANC00261,-4.78,0,5,240,0,None,10,ALA144; ALA31; ASP145; ASP86; GLN131; GLU12; ILE10; LEU134; LYS33; VAL18,5.26,True
42,SANC00313,-4.766,3,4,192,4,ASP145; GLU12; GLY13; LEU83,9,ALA144; ALA31; ASP145; GLY11; ILE10; LEU134; PHE80; VAL18; VAL64,3.64,True
43,SANC00371,-4.76,2,6,288,2,GLU12; LYS33,11,ALA144; ASP145; GLN131; GLU12; GLY11; ILE10; LEU134; LYS33; PHE80; VAL18; VAL64,6.49,True
44,SANC00374,-4.748,1,2,96,4,ASP86; GLN131; LEU83; LYS89,3,GLY11; ILE10; LEU134,3.44,True
45,SANC00124,-4.719,0,2,96,4,ASP145; GLU12; GLY13; LYS33,10,ALA144; ASN132; ASP145; ASP86; GLN131; GLU12; GLY11; ILE10; LEU134; VAL18,3.67,True
46,SANC00145,-4.704,0,6,288,1,GLU12,7,ALA144; ALA31; GLY11; GLY13; ILE10; LEU134; VAL18,4.78,True
47,SANC00284,-4.703,0,1,48,5,ASP145; ASP86; GLU12; LYS33; LYS89,4,ILE10; LYS33; LYS89; VAL18,6.13,True
48,SANC00148,-4.699,0,4,192,2,ASP145; LYS89,10,ALA144; ASP145; ASP86; GLN131; ILE10; LEU134; LYS33; LYS88; VAL18; VAL64,6.52,True
49,SANC00381,-4.667,1,6,288,6,ASP86; GLN131; GLU12; LEU83; LYS129; THR14,14,ALA144; ALA31; ASP86; GLN131; GLU12; GLY13; HIS84; ILE10; LEU134; LEU83; PHE82; THR14; VAL164; VAL18,3.89,True
50,SANC00167,-4.655,0,4,192,0,None,10,ALA144; ALA31; ASP145; GLN131; GLU12; GLY11; ILE10; LEU134; LYS33; VAL18,5.45,True
51,SANC00291,-4.639,1,6,288,4,ASP145; ASP86; GLN131; LYS33,8,ALA144; ASN132; ASP145; ASP86; GLN131; ILE10; LEU134; VAL18,6.5,True
52,SANC00126,-4.631,0,3,144,4,ASP145; ASP86; LEU83; LYS33,7,ALA144; ALA31; ASP145; ILE10; LEU134; PHE82; VAL18,3.3,True
53,SANC00342,-4.616,1,6,288,5,ASP145; ASP86; GLU12; LYS33; LYS89,7,ALA144; ALA31; GLU12; GLY11; LYS33; PHE80; VAL18,6.36,True
54,SANC00312,-4.603,4,6,288,4,ASN132; ASP145; ILE10; LYS89,8,ALA31; ASN132; ASP86; GLN131; ILE10; LEU134; LYS89; VAL18,4.27,True
55,SANC00193,-4.6,1,3,144,0,None,7,ALA144; ALA31; ASP145; ILE10; LEU134; PHE80; PHE82,3.45,True
56,SANC00185,-4.591,0,6,288,2,LYS129; THR14,10,ALA144; ALA31; ASN132; GLN131; GLU12; GLY13; LYS129; LYS33; THR14; VAL18,6.15,True
57,SANC00179,-4.585,5,6,288,3,GLU12; ILE10; LEU83,11,ALA144; ALA31; GLU12; GLY11; ILE10; LEU134; LYS33; PHE80; PHE82; VAL18; VAL64,2.97,True
58,SANC00382,-4.518,0,4,192,3,ASP145; GLU12; LYS33,8,ALA31; ASP145; GLY11; ILE10; LEU134; LYS33; PHE80; VAL18,3.6,True
59,SANC00171,-4.51,4,6,288,3,ASP145; GLN131; LYS33,11,ALA144; ASP145; ASP86; GLN131; GLN85; GLY11; ILE10; LEU134; PHE80; VAL18; VAL64,4.84,True
60,SANC00166,-4.489,0,6,288,2,LYS129; THR14,9,ALA144; GLN131; GLU12; GLY11; GLY13; ILE10; LEU134; LYS33; VAL18,6.66,True
61,SANC00238,-4.483,0,1,48,4,ASP145; GLU81; LEU83; LYS33,7,ALA144; ALA31; ILE10; LEU134; PHE80; PHE82; VAL64,3.25,True
62,SANC00229,-4.471,0,1,48,4,ASP145; GLN131; GLU81; LEU83,6,ALA144; ALA31; ILE10; LEU134; PHE80; VAL64,3.06,True
63,SANC00282,-4.439,4,6,288,4,ASP86; GLN131; ILE10; LYS89,7,ASP86; GLN131; ILE10; LYS129; LYS88; THR165; VAL18,8.38,True
64,SANC00368,-4.424,0,4,192,5,ASP127; ASP86; LYS129; LYS89; THR14,7,GLN131; GLU12; GLY13; ILE10; LYS129; LYS89; THR14,6.51,True
65,SANC00354,-4.419,0,1,48,3,ASP145; GLU12; LYS33,7,ASP145; GLN131; GLY11; ILE10; LEU134; LYS33; VAL18,6.14,True
66,SANC00335,-4.39,1,2,96,6,ASP145; ASP86; GLU81; ILE10; LEU83; LYS33,6,ALA31; GLN131; ILE10; LEU134; PHE80; VAL64,3.71,True
67,SANC00322,-4.388,0,2,96,5,ASP145; GLY11; LYS33; THR14; TYR15,4,GLN131; GLY11; GLY13; VAL18,6.1,True
68,SANC00294,-4.379,2,6,288,5,GLN131; GLU12; LYS129; THR14; VAL163,8,GLN131; GLY13; LYS129; THR14; THR158; THR165; TRP167; VAL164,11.18,True
69,SANC00307,-4.377,0,5,240,5,ASP86; GLU12; GLY13; LEU83; LYS89,8,ASP86; GLN131; GLN85; GLU12; GLY11; ILE10; LEU134; LYS89,3.7,True
70,SANC00212,-4.337,2,4,192,0,None,4,ASP86; ILE10; LEU134; VAL18,3.39,True
71,SANC00269,-4.324,4,6,288,5,ASP86; GLN131; GLU81; GLY11; LEU83,9,ALA144; ALA31; GLN131; GLY11; ILE10; LEU134; PHE80; VAL18; VAL64,3.22,True
72,SANC00168,-4.317,2,4,192,1,GLN131,8,ALA144; ASP145; GLN131; GLY11; ILE10; LEU134; VAL18; VAL64,5.52,True
73,SANC00106,-4.281,0,1,48,4,ASP145; GLU12; GLU81; LYS33,8,ALA144; ALA31; ASP145; GLU12; LEU134; PHE80; VAL18; VAL64,4.29,True
74,SANC00232,-4.267,2,6,288,2,ILE10; LYS89,9,ALA144; ASP145; GLU12; GLY11; ILE10; LEU134; LYS33; LYS88; LYS89,4.68,True
75,SANC00255,-4.258,0,6,288,1,LYS33,5,ALA144; LEU134; LYS33; PHE80; VAL18,5.78,True
76,SANC00286,-4.245,3,4,192,3,GLU12; LYS33; LYS89,5,ASP145; GLU12; GLY11; ILE10; VAL18,8.48,True
77,SANC00215,-4.244,0,6,288,0,None,4,ALA31; ILE10; LYS33; VAL18,3.98,True
78,SANC00353,-4.205,1,2,96,2,ASP145; LYS33,6,GLN131; GLU12; GLY13; ILE10; LEU134; VAL18,4.39,True
79,SANC00105,-4.198,0,3,144,3,ASP86; GLU12; LYS89,5,ALA144; GLY11; ILE10; LEU134; VAL18,5.75,True
80,SANC00297,-4.194,3,5,240,2,ASP145; LYS33,6,ALA31; ASP145; ILE10; LEU134; PHE80; VAL18,4.73,True
81,SANC00128,-4.179,1,2,96,3,ASP86; GLN131; LEU83,7,ALA31; ASP145; ASP86; ILE10; LEU134; PHE82; VAL18,3.27,True
82,SANC00165,-4.176,4,6,288,1,GLN131,6,ALA31; GLN131; ILE10; LEU134; PHE82; VAL18,3.49,True
83,SANC00310,-4.158,2,6,288,4,ASN132; ASP86; GLN131; LYS89,10,ALA144; ASP145; ASP86; ILE10; LEU134; LYS33; LYS89; PHE80; VAL18; VAL64,4.85,True
84,SANC00236,-4.154,4,6,288,5,ASP145; GLN131; LYS129; LYS33; THR14,7,ASP86; GLN131; GLU12; GLY13; ILE10; LEU134; VAL18,5.56,True
85,SANC00202,-4.149,2,6,288,0,None,7,ALA144; ASP145; ILE10; LYS33; PHE80; VAL18; VAL64,6.45,True
86,SANC00326,-4.148,0,3,144,3,ASP145; GLU12; LYS33,10,ASP145; GLN131; GLU12; GLY11; GLY13; ILE10; LEU134; LEU83; LYS33; VAL18,3.8,True
87,SANC00295,-4.128,5,6,288,7,ASP86; GLU12; ILE10; LYS33; LYS88; LYS89; THR14,11,ASN132; ASP145; GLU12; GLU162; GLY11; GLY13; ILE10; LYS129; THR14; THR158; VAL18,6.49,True
88,SANC00383,-4.071,5,6,288,4,GLU12; LYS129; LYS89; THR14,11,ASN132; ASP86; GLN131; GLU12; GLY11; GLY13; ILE10; LEU134; LYS129; LYS89; VAL18,5.91,True
89,[H][C@]2(N)[C@@H]4C(=O)C=C1S[C@@H]3C[C@]12c5c(N3)c(=O)c7[nH]cc6CC[N+]4=c5c67,-4.071,0,1,48,5,ASN132; ASP145; ASP86; GLN131; LYS33,7,ALA144; ASN132; GLN131; ILE10; LEU134; LYS33; VAL18,4.71,True
90,SANC00251,-4.061,4,6,288,5,ASP86; GLN131; GLU12; ILE10; LEU83,7,GLN85; GLY11; HIS84; ILE10; LEU134; LEU83; VAL18,3.11,True
91,SANC00222,-4.058,0,2,96,6,ASN132; GLN131; LYS129; LYS33; THR14; TYR15,6,GLY13; LEU134; LYS129; LYS33; TYR15; VAL18,4.98,True
92,[H][C@@]27C[C@@]16C[C@H](Nc3c1c5=[N+]2CCc4c[nH]c(c3=O)c45)SC6=CC7=O,-4.055,0,2,96,4,GLN131; GLU12; GLY13; ILE10,8,GLN131; GLU12; GLY11; GLY13; ILE10; LEU134; LYS33; VAL18,5.91,True
93,SANC00189,-4.05,1,6,288,1,GLN131,8,ALA144; ASP86; GLN131; GLY11; ILE10; LEU134; LYS33; VAL18,6.29,True
94,SANC00357,-4.045,1,3,144,4,GLU12; GLU81; LEU83; LYS33,4,ALA31; ILE10; LEU134; VAL18,3.27,True
95,SANC00273,-4.026,3,5,240,0,None,6,ALA144; ALA31; ASP145; ILE10; LEU134; VAL18,6.04,True
96,SANC00348,-4.018,4,6,288,3,ASN132; ASP145; LYS33,8,ALA144; ALA31; ASP145; GLN131; ILE10; LEU134; PHE80; VAL18,5.77,True
97,SANC00176,-4.009,1,3,144,2,ASP145; LYS33,5,ALA31; ASP145; LEU134; LYS33; VAL18,5.91,True
98,SANC00187,-4.009,4,6,288,2,ASN132; GLN131,9,ALA144; ALA31; ASP145; ASP86; GLN131; GLU12; GLY11; ILE10; VAL18,5.0,True
99,SANC00186,-4.007,4,6,288,2,ASP86; LYS89,6,GLN131; GLY11; GLY13; ILE10; LYS129; VAL18,6.97,True
100,SANC00377,-4.001,2,5,240,3,LYS33; THR14; TYR15,7,ASP86; GLN131; GLU12; GLY13; LEU134; LYS33; VAL18,5.79,True
101,SANC00256,-3.99,0,1,48,3,ASP145; GLN131; LYS33,5,ALA31; ASP86; ILE10; LEU134; VAL18,5.12,True
102,SANC00224,-3.985,1,4,192,3,ASP86; GLU12; LYS89,4,GLN131; GLY11; GLY13; ILE10,9.76,True
103,SANC00334,-3.97,3,4,192,3,ASP86; LYS33; LYS89,9,ALA144; ASP145; ASP86; GLY11; ILE10; LEU134; LYS33; VAL18; VAL64,5.0,True
104,SANC00300,-3.952,1,4,192,7,ASP86; GLN131; GLU12; GLY11; ILE10; LYS129; THR14,7,ALA144; ASN132; GLN131; GLU12; GLY11; GLY13; LYS129,7.48,True
105,SANC00172,-3.952,0,6,288,3,ASP145; ILE10; LYS33,8,ASP86; GLN131; GLU12; GLY11; ILE10; LYS88; LYS89; VAL18,7.78,True
106,SANC00352,-3.95,1,6,288,2,ASP145; LYS33,10,ALA144; ALA31; ASP145; GLN131; GLU162; LEU134; LYS33; PHE80; VAL18; VAL64,5.78,True
107,SANC00192,-3.945,2,5,240,0,None,8,ALA144; ALA31; GLU81; ILE10; LEU134; PHE80; PHE82; VAL18,3.48,True
108,SANC00199,-3.943,1,5,240,0,None,9,ALA144; ASP145; ASP86; GLN131; GLU12; GLY11; ILE10; LEU134; VAL18,5.24,True
109,SANC00258,-3.943,1,3,144,3,GLU12; GLU81; LEU83,5,ALA31; GLY11; ILE10; LEU134; PHE82,2.81,True
110,SANC00137,-3.94,1,2,96,3,LEU83; LYS33; THR14,9,ALA31; ASP145; GLU12; GLY13; ILE10; LEU134; LYS33; PHE80; PHE82,3.48,True
111,SANC00343,-3.912,2,3,144,1,LYS33,8,ALA31; ASP145; GLN131; ILE10; LEU134; LYS33; PHE82; VAL18,3.08,True
112,SANC00347,-3.908,2,5,240,6,ASN132; ASP145; GLN131; LYS129; LYS33; THR14,11,ALA144; ALA31; ASP145; GLN131; GLU162; GLY13; LEU134; LYS33; THR158; VAL18; VAL64,5.59,True
113,SANC00163,-3.893,4,6,288,1,GLU81,9,ALA144; ALA31; ASN132; GLU12; GLY11; ILE10; LEU134; LYS33; VAL18,4.26,True
114,SANC00266,-3.886,0,1,48,1,LEU83,9,ALA144; ALA31; ASP145; LEU134; LEU83; LYS33; PHE80; PHE82; VAL18,2.88,True
115,SANC00302,-3.873,0,1,48,2,ASP145; LYS33,3,ALA144; ASP145; LEU134,5.26,True
116,SANC00119,-3.864,3,5,240,3,ASP86; LYS33; LYS89,6,GLN131; GLU12; GLY13; ILE10; LEU134; VAL18,4.06,True
117,SANC00142,-3.863,0,6,288,1,GLN131,9,ALA144; ALA31; ASP145; GLN131; GLY11; LEU134; PHE80; VAL18; VAL64,6.1,True
118,SANC00127,-3.84,1,4,192,4,ASP145; ASP86; GLU12; LYS89,3,ASP86; GLN131; LEU134,6.92,True
119,SANC00144,-3.838,5,6,288,3,ASP145; GLN131; LYS33,8,ALA144; ASP145; ASP86; GLN131; GLU12; GLU162; GLY11; ILE10,7.4,True
120,SANC00363,-3.831,0,2,96,1,GLU12,8,ASP86; GLN131; GLN85; HIS84; ILE10; LEU134; LYS89; VAL18,4.19,True
121,SANC00319,-3.821,2,3,144,4,GLU12; ILE10; LEU83; LYS33,7,ALA144; ALA31; GLY11; ILE10; LEU134; LYS33; VAL18,3.49,True
122,SANC00231,-3.8,0,1,48,3,ASP86; LYS129; THR14,3,GLN131; GLY13; LYS129,8.97,True
123,SANC00217,-3.773,3,6,288,0,None,6,ALA31; ILE10; LEU134; LYS33; PHE80; VAL18,3.3,True
124,SANC00103,-3.768,1,4,192,6,ASP145; ASP86; GLN131; ILE10; LYS33; LYS89,4,ASP86; GLN131; ILE10; VAL18,6.21,True
125,SANC00117,-3.765,5,6,288,4,ASN132; ASP145; GLU12; LYS33,6,GLU12; GLY11; GLY13; ILE10; LYS33; VAL18,6.19,True
126,SANC00329,-3.763,1,3,144,3,ASN132; ASP145; LYS33,5,ALA144; ASP145; GLN131; ILE10; LEU134,4.98,True
127,SANC00173,-3.753,3,6,288,6,ASP86; GLN131; GLU12; GLY13; LYS129; LYS89,7,ASP86; GLN131; GLU12; ILE10; LEU134; LYS129; VAL18,6.62,True
128,SANC00169,-3.752,2,5,240,3,ASP145; ASP86; LYS33,8,ASP145; ASP86; GLN131; GLN85; GLY11; ILE10; LEU134; VAL18,4.86,True
129,SANC00316,-3.739,0,2,96,6,ASP145; ASP86; GLN131; GLY11; LYS129; LYS33,6,GLN131; GLY11; ILE10; LEU134; LYS129; VAL18,3.25,True
130,SANC00280,-3.728,1,4,192,3,ASP86; GLU12; LEU83,7,GLN85; GLY11; HIS84; ILE10; LEU134; LYS89; VAL18,2.7,True
131,SANC00290,-3.706,1,2,96,0,None,8,ALA31; ASP86; GLN131; ILE10; LEU134; LYS33; PHE80; VAL18,4.68,True
132,SANC00161,-3.698,0,6,288,2,ASP86; LYS89,7,ALA144; GLN131; ILE10; LEU134; PHE80; VAL18; VAL64,5.4,True
133,SANC00204,-3.696,1,6,288,1,GLU81,5,ALA144; ALA31; ASP86; ILE10; LEU134,4.35,True
134,SANC00198,-3.692,4,5,240,2,GLN131; LYS33,8,ALA144; ASP145; GLN131; GLU12; GLY11; ILE10; LEU134; VAL18,5.84,True
135,SANC00181,-3.675,2,3,144,2,ASP145; LYS33,9,ALA144; ALA31; ASP86; GLN131; ILE10; LEU134; LYS33; PHE80; VAL18,5.56,True
136,SANC00362,-3.654,1,3,144,4,ASN132; ASP145; GLN131; GLU12,6,ALA144; ASP145; GLU12; GLY11; ILE10; PHE80,6.18,True
137,SANC00378,-3.634,1,5,240,1,GLN131,8,ALA144; ALA31; ASP145; ASP86; HIS84; ILE10; LEU134; VAL18,3.96,True
138,SANC00309,-3.632,1,4,192,4,ASN132; GLN131; GLU12; LEU83,7,ALA144; ASN132; GLU12; GLY11; ILE10; LEU134; VAL18,3.53,True
139,SANC00136,-3.618,0,2,96,3,GLU12; GLY11; ILE10,7,ASN132; GLU12; GLY11; GLY13; ILE10; LEU134; VAL18,5.4,True
140,SANC00338,-3.601,0,3,144,3,ASP145; GLY13; LYS33,8,ALA31; GLU12; GLY11; GLY13; ILE10; LEU134; LYS33; VAL18,4.65,True
141,SANC00223,-3.6,2,3,144,3,ASP86; LEU83; LYS89,4,ASP86; GLN131; ILE10; LEU134,3.02,True
142,SANC00112,-3.595,2,6,288,3,ASP145; LYS129; LYS33,5,ALA144; ASP145; GLN131; GLU12; VAL18,5.7,True
143,SANC00110,-3.582,3,6,288,2,ASN132; ASP145,7,ALA144; ASP145; ASP86; GLN131; LEU134; LYS33; VAL18,5.01,True
144,SANC00303,-3.573,0,1,48,0,None,4,ALA31; ILE10; LEU134; PHE82,3.19,True
145,SANC00321,-3.569,1,4,192,4,ASP145; ASP86; GLN131; GLU12,9,ALA144; ALA31; GLN131; GLU12; ILE10; LEU134; PHE80; VAL18; VAL64,5.66,True
146,SANC00243,-3.564,0,2,96,4,ASP86; LEU83; LYS129; THR14,8,ALA31; ASN132; GLN131; GLY13; ILE10; LEU134; LYS129; THR14,2.22,True
147,SANC00197,-3.563,0,3,144,1,GLN131,6,ASP86; GLN131; GLU12; GLY11; ILE10; LEU134,4.17,True
148,SANC00205,-3.562,3,6,288,2,ASP86; LYS89,3,ILE10; LEU134; VAL18,5.84,True
149,SANC00267,-3.553,0,2,96,2,LYS129; THR14,9,ALA144; ASP145; GLN131; GLY13; LEU134; LYS129; LYS33; THR14; VAL18,7.83,True
150,SANC00369,-3.521,1,6,288,3,ASP86; GLN131; LYS89,7,ALA144; ASP86; GLN131; GLU12; ILE10; LEU134; VAL18,7.17,True
151,SANC00122,-3.517,0,5,240,3,ASN132; ASP145; GLN131,4,GLN131; GLY11; ILE10; LYS129,7.42,True
152,SANC00114,-3.461,4,5,240,4,ASN132; ASP145; GLN131; LYS33,7,ASP145; GLY13; LEU134; LYS129; LYS33; TYR15; VAL18,7.3,True
153,SANC00276,-3.439,4,6,288,0,None,4,ALA31; ILE10; LEU134; VAL18,4.48,True
154,SANC00270,-3.434,1,5,240,0,None,4,ALA144; ASP145; GLY11; LEU134,6.95,True
155,SANC00116,-3.427,5,6,288,2,ASP86; LYS33,9,ASP145; ASP86; GLN131; GLY11; ILE10; LEU134; LEU83; PHE82; VAL18,3.13,True
156,SANC00235,-3.417,2,6,288,4,ASP145; ASP86; GLN131; LYS33,6,GLN131; GLU12; GLY13; ILE10; LEU134; VAL18,6.32,True
157,SANC00315,-3.413,2,3,144,2,LYS129; THR14,8,GLN131; GLU12; GLY11; GLY13; ILE10; LYS129; THR14; VAL18,7.68,True
158,SANC00195,-3.406,2,5,240,1,ASN132,8,ALA144; ASP145; ASP86; GLU12; GLY11; GLY13; ILE10; VAL18,7.08,True
159,SANC00244,-3.394,0,4,192,8,ASP145; GLN131; GLU81; LEU83; LYS129; LYS33; THR14; TYR15,5,ALA31; GLY13; ILE10; LEU134; VAL18,3.93,True
160,SANC00225,-3.387,1,5,240,2,ASP145; LYS33,7,ALA31; GLN131; GLU12; GLY11; LEU134; PHE82; VAL18,3.62,True
161,SANC00221,-3.374,0,1,48,7,ASN132; ASP145; GLN131; HIS84; LEU83; LYS33; LYS89,5,ASP145; HIS84; ILE10; LEU134; VAL18,3.66,True
162,SANC00111,-3.363,2,6,288,1,LEU83,9,ALA31; ASP86; GLU81; ILE10; LEU134; PHE80; PHE82; VAL18; VAL64,3.8,True
163,SANC00149,-3.351,3,6,288,2,ASP86; GLN131,12,ALA144; ALA31; ASN132; ASP145; ASP86; GLN131; GLY11; ILE10; LEU134; LYS89; PHE80; VAL18,4.17,True
164,SANC00115,-3.344,1,5,240,1,ASP86,6,GLN85; GLY11; HIS84; ILE10; LEU134; VAL18,3.69,True
165,SANC00108,-3.342,4,5,240,2,ASP145; LYS33,7,GLN131; GLY11; GLY13; ILE10; LEU134; LYS129; VAL18,6.77,True
166,SANC00201,-3.338,4,6,288,8,ASP127; ASP145; ASP86; GLY11; ILE10; LYS129; LYS33; THR14,15,ALA144; ALA31; ASN132; ASP145; GLN131; GLU12; GLY11; GLY13; ILE10; LEU134; LYS129; LYS33; PHE80; THR14; VAL18,5.27,True
167,SANC00102,-3.336,2,6,288,3,ASN132; ASP145; LYS33,5,GLN131; GLU12; GLY11; GLY13; LYS129,11.2,True
168,SANC00314,-3.334,3,4,192,0,None,10,ASP86; GLN131; GLN85; GLU12; GLY13; HIS84; ILE10; LEU134; LEU83; VAL18,4.06,True
169,SANC00154,-3.328,3,6,288,3,ASP86; GLN131; LEU83,8,ALA144; ASP86; GLN131; GLY11; ILE10; LEU134; LYS33; VAL18,3.54,True
170,SANC00327,-3.297,0,3,144,4,ASP145; ASP86; GLN131; LYS33,11,ALA31; ASP86; GLN131; GLU12; GLY11; ILE10; LEU134; LEU83; PHE80; PHE82; VAL18,3.18,True
171,SANC00182,-3.279,1,4,192,1,LYS89,8,ASP86; GLN85; GLY11; HIS84; ILE10; LEU134; LYS89; VAL18,4.6,True
172,SANC00259,-3.277,1,6,288,0,None,5,ALA144; GLN131; GLY11; LEU134; VAL18,7.01,True
173,SANC00190,-3.275,2,4,192,0,None,6,GLU12; GLY11; ILE10; LEU134; LYS33; VAL18,6.12,True
174,SANC00372,-3.268,5,6,288,2,ASP145; LYS33,5,GLU12; GLY11; GLY13; THR14; TYR15,9.4,True
175,SANC00345,-3.26,0,3,144,4,ASP145; GLN131; GLY13; LYS33,9,ASP145; GLN131; GLU12; GLY11; GLY13; ILE10; LEU134; LYS33; VAL18,4.71,True
176,SANC00375,-3.253,1,2,96,3,ASP145; LEU83; LYS33,6,ALA144; GLN131; ILE10; LEU134; LYS33; VAL18,3.95,True
177,SANC00332,-3.245,0,1,48,1,ASP145,7,ALA144; ALA31; ILE10; LEU134; PHE80; PHE82; VAL64,3.24,True
178,SANC00323,-3.243,3,4,192,1,LYS129,4,ALA144; GLN131; GLY13; VAL18,6.64,True
179,SANC00333,-3.235,2,4,192,6,ASN132; ASP145; GLU12; GLY11; ILE10; LYS33,7,ASP145; GLN131; GLU12; GLY11; GLY13; ILE10; VAL18,9.28,True
180,SANC00304,-3.216,0,1,48,2,ILE10; LYS89,4,ASP86; GLY11; ILE10; VAL18,7.64,True
181,SANC00151,-3.197,5,6,288,8,ASN132; ASP145; ASP86; GLN131; LYS129; LYS33; LYS89; THR14,11,ALA144; ALA31; ASP86; GLN131; GLU12; GLY11; GLY13; ILE10; LEU134; PHE80; VAL64,5.14,True
182,SANC00191,-3.177,0,2,96,1,GLU12,6,GLU12; GLY11; GLY13; ILE10; LYS33; VAL18,6.91,True
183,SANC00180,-3.161,4,6,288,2,ASP145; LYS33,5,ALA31; ILE10; LYS33; PHE80; VAL18,5.57,True
184,SANC00325,-3.124,0,2,96,1,LYS33,8,ASP86; GLN131; GLU12; GLY11; GLY13; ILE10; LEU134; VAL18,4.38,True
185,SANC00214,-3.123,3,6,288,0,None,4,GLN131; GLY13; LEU134; VAL18,5.57,True
186,SANC00361,-3.121,1,3,144,2,ASN132; HIS84,7,ASP86; GLN131; GLN85; HIS84; ILE10; LEU134; VAL18,3.97,True
187,SANC00318,-3.117,0,3,144,3,ASP145; GLU12; LYS33,7,ASP86; GLN131; GLU12; GLY11; GLY13; LYS33; VAL18,7.83,True
188,SANC00355,-3.116,4,6,288,3,ASP145; ASP86; LYS33,8,ALA144; ASP145; GLY11; ILE10; LEU134; PHE80; VAL18; VAL64,4.3,True
189,SANC00262,-3.116,0,3,144,2,ASP145; LYS33,5,GLY13; LYS129; LYS33; PHE80; VAL18,8.2,True
190,SANC00118,-3.114,2,5,240,6,ASN132; ASP145; GLN131; GLU12; GLY13; LYS33,3,GLN131; GLU12; LYS129,9.69,True
191,[H][C@]27C[C@@]16C(=CC(=O)[C@]([H])([N+]3=c4c1c(N2)c(=O)c5[nH]cc(CC3)c45)[C@..,-3.11,0,1,48,6,ASN132; GLN131; GLU12; LYS129; LYS33; THR14,6,GLN131; GLU12; GLY11; GLY13; ILE10; VAL18,9.43,True
192,SANC00257,-3.092,0,3,144,3,GLN131; GLU162; THR158,8,ASP145; GLN131; GLU12; GLU162; GLY11; ILE10; LYS33; VAL18,6.45,True
193,SANC00263,-3.08,0,3,144,3,ASP86; LYS129; THR14,6,ASN132; GLN131; GLY13; ILE10; LYS129; VAL18,5.56,True
194,SANC00275,-3.072,1,6,288,0,None,5,ALA144; ASP145; GLN131; LYS33; VAL18,5.78,True
195,SANC00358,-3.053,3,4,192,5,ASN132; ASP145; GLN131; GLU12; LYS33,8,ALA144; ALA31; GLN131; LEU134; LEU32; LYS33; PHE80; VAL18,5.64,True
196,SANC00196,-3.051,4,5,240,2,ASP86; GLN131,9,ALA144; ASP86; GLN131; GLU12; GLY11; GLY13; ILE10; LEU134; VAL18,6.29,True
197,SANC00113,-3.042,2,5,240,2,GLY11; ILE10,8,ALA144; GLU12; GLY11; GLY13; ILE10; LEU134; LYS33; VAL18,5.39,True
198,SANC00331,-3.03,2,6,288,3,GLN131; GLU12; LYS33,9,ALA144; ASN132; ASP145; GLN131; GLU12; GLY11; GLY13; LEU134; VAL18,7.97,True
199,SANC00366,-3.021,3,4,192,3,ASP86; GLN131; LYS89,6,GLN131; GLU12; GLY11; ILE10; LEU134; VAL18,6.52,True
200,SANC00143,-3.013,1,6,288,1,LYS89,8,ALA31; GLN131; GLY11; ILE10; LEU134; LYS88; PHE80; VAL18,5.55,True
201,SANC00216,-3.005,2,6,288,0,None,4,ALA144; GLN131; LYS129; VAL18,6.48,True
202,SANC00252,-2.993,4,5,240,0,None,5,GLY11; ILE10; LEU134; LYS33; VAL18,6.11,True
203,SANC00298,-2.987,4,5,240,5,ASN132; ASP145; ASP86; GLN131; LYS89,9,ASP86; GLN131; GLN85; GLU12; GLY13; HIS84; ILE10; LEU134; VAL18,4.13,True
204,SANC00123,-2.984,2,3,144,5,ASP145; ASP86; ILE10; LYS33; LYS89,6,GLN131; GLU12; GLY11; GLY13; ILE10; VAL18,6.21,True
205,SANC00360,-2.979,1,5,240,4,LEU83; LYS129; THR14; TYR15,5,ALA31; GLN131; GLY13; ILE10; LEU134,4.13,True
206,SANC00206,-2.976,1,5,240,0,None,4,ASN132; GLN131; GLY11; LYS129,9.33,True
207,SANC00245,-2.962,4,6,288,1,LYS89,5,ALA144; GLN131; ILE10; LYS33; VAL18,7.5,True
208,SANC00120,-2.937,4,5,240,5,ASN132; ASP145; ASP86; LYS33; LYS89,2,GLN131; ILE10,5.93,True
209,SANC00109,-2.924,2,5,240,1,ASP86,9,GLN131; GLN85; GLU12; GLY11; GLY13; HIS84; ILE10; LEU134; VAL18,4.15,True
210,SANC00367,-2.916,0,6,288,2,GLU12; LYS88,10,GLN131; GLU12; GLY11; GLY13; ILE10; LEU134; LEU83; LYS88; PHE82; VAL18,2.78,True
211,SANC00130,-2.896,0,1,48,1,LEU83,3,ALA144; ASP86; LEU134,2.79,True
212,SANC00209,-2.873,0,6,288,0,None,8,GLN131; GLY13; HIS84; ILE10; LEU83; LYS129; PHE82; THR14,2.77,True
213,SANC00356,-2.867,0,5,240,3,ASP86; LEU83; LYS89,5,ALA31; GLN131; ILE10; LEU134; VAL18,2.74,True
214,SANC00237,-2.852,0,4,192,4,ASP86; GLN131; LYS88; LYS89,8,GLN131; GLU12; GLY11; GLY13; ILE10; LYS88; LYS89; VAL18,8.78,True
215,SANC00184,-2.85,5,6,288,2,HIS84; LEU83,6,GLN131; GLU12; GLY13; ILE10; LEU134; LYS129,3.94,True
216,SANC00210,-2.846,1,6,288,0,None,5,ALA31; GLN131; GLY11; ILE10; VAL18,3.65,True
217,SANC00324,-2.844,1,3,144,5,ASN132; GLN131; ILE10; LYS33; LYS89,6,ASP145; GLN131; GLU12; GLY13; ILE10; VAL18,8.41,True
218,SANC00320,-2.783,0,3,144,5,ASP86; GLN131; LYS129; LYS33; THR14,6,ASP86; GLY13; LEU134; LYS129; LYS33; VAL18,5.59,True
219,SANC00277,-2.77,5,6,288,0,None,4,ALA144; GLN131; GLY11; LEU134,5.97,True
220,SANC00247,-2.762,2,6,288,2,ASP145; LYS33,10,ASN132; ASP86; GLN131; GLU12; GLU162; GLY11; ILE10; LYS129; THR158; VAL18,8.98,True
221,SANC00203,-2.759,1,4,192,0,None,5,ALA144; ALA31; GLY13; LEU134; VAL18,4.96,True
222,SANC00239,-2.747,0,1,48,4,GLN131; GLU12; GLY13; ILE10,4,ASP86; GLY11; ILE10; LEU134,6.52,True
223,SANC00311,-2.742,1,2,96,2,GLY11; ILE10,6,GLN131; GLY11; ILE10; LEU134; LYS33; VAL18,5.65,True
224,SANC00336,-2.711,1,3,144,2,ASP86; LEU83,5,ASP86; GLN131; GLU12; LEU134; VAL18,2.67,True
225,SANC00254,-2.709,3,5,240,0,None,7,ALA144; ASP145; GLU12; GLY11; LEU134; PHE80; VAL18,6.15,True
226,SANC00162,-2.693,4,6,288,0,None,7,GLN131; GLY11; HIS84; ILE10; LEU134; LEU83; VAL18,3.92,True
227,SANC00139,-2.688,1,3,144,3,GLU12; GLY13; ILE10,5,GLN131; GLY11; ILE10; LYS129; VAL18,8.0,True
228,SANC00272,-2.672,1,6,288,0,None,3,GLU12; GLY11; VAL18,7.15,True
229,SANC00337,-2.662,0,2,96,4,ASN132; ASP145; LYS33; LYS89,3,GLN131; ILE10; LEU134,7.75,True
230,SANC00158,-2.634,4,6,288,2,GLY11; ILE10,14,ALA31; ASP145; ASP86; GLN131; GLU12; GLY11; GLY13; ILE10; LEU134; LYS129; LYS33; PHE80; VAL18; VAL64,5.21,True
231,SANC00194,-2.6,3,6,288,2,ASN132; GLN131,8,ASN132; ASP86; GLN131; GLY11; ILE10; LEU134; LYS129; VAL18,3.48,True
232,SANC00138,-2.57,4,5,240,4,GLN131; GLU12; ILE10; LEU83,7,GLN131; GLU12; GLY11; GLY13; ILE10; LEU134; VAL18,3.99,True
233,SANC00268,-2.566,1,3,144,4,ASP86; LYS89; THR14; TYR15,7,ASP86; GLY13; ILE10; LYS129; LYS33; THR14; VAL18,4.61,True
234,SANC00253,-2.559,2,3,144,1,GLU81,9,ALA144; ALA31; GLN131; LEU134; LYS129; LYS33; PHE80; VAL18; VAL64,4.58,True
235,SANC00208,-2.545,1,6,288,2,ASP145; LYS33,10,GLN131; GLU12; GLU162; GLY13; ILE10; LEU134; LYS129; LYS33; THR158; VAL18,5.6,True
236,SANC00132,-2.532,3,5,240,8,ASN132; ASP145; ASP86; GLN131; GLU12; GLY11; LYS89; VAL18,7,ALA144; ASN132; GLN131; GLU12; GLY11; ILE10; VAL18,6.78,True
237,SANC00207,-2.532,3,6,288,0,None,2,GLN131; ILE10,6.05,True
238,SANC00350,-2.522,0,4,192,4,ASN132; ASP145; GLN131; LYS88,5,ASP86; GLN131; GLY11; LYS88; VAL18,7.56,True
239,SANC00260,-2.501,0,3,144,2,GLN131; GLU12,4,GLU12; GLY11; LEU134; VAL18,4.96,True
240,SANC00227,-2.472,4,6,288,3,GLN131; GLU12; GLY13,5,GLN131; GLY11; ILE10; LYS33; VAL18,7.91,True
241,SANC00150,-2.437,4,6,288,5,ASP86; GLN131; GLU12; LYS129; THR14,6,GLN131; GLU12; GLY11; GLY13; ILE10; LYS129,7.6,True
242,SANC00339,-2.432,4,5,240,2,GLN131; ILE10,4,GLN131; GLY11; ILE10; VAL18,7.55,True
243,SANC00330,-2.428,0,2,96,3,ASP145; ASP86; LYS33,7,ALA144; ALA31; ASP145; GLN131; GLY11; ILE10; VAL18,5.13,True
244,SANC00359,-2.35,0,6,288,6,ASP145; GLN131; LEU83; LYS33; THR14; TYR15,9,ALA144; ALA31; ASP145; GLN131; GLY13; ILE10; LEU134; LYS33; PHE82,3.75,True
245,SANC00351,-2.344,3,4,192,3,ASP145; GLN131; LYS33,7,ALA144; ASP145; GLU12; GLY11; LEU134; LYS33; VAL18,5.78,True
246,SANC00125,-2.265,1,2,96,2,ASP86; LYS33,6,ASP86; GLN131; GLU12; GLY13; ILE10; VAL18,6.6,True
247,SANC00152,-2.247,2,6,288,2,ASP145; LYS129,10,GLN131; GLU12; GLY11; GLY13; ILE10; LYS129; LYS33; THR14; THR158; VAL18,8.13,True
248,SANC00317,-2.167,1,2,96,2,ASP145; LYS33,2,ASP145; VAL18,7.39,True
249,SANC00271,-2.154,0,6,288,0,None,3,GLU12; ILE10; LEU134,4.52,True
250,SANC00385,-2.089,0,6,288,3,ASP86; GLN131; LYS89,4,GLN131; GLU12; GLY13; VAL18,6.15,True
251,SANC00104,-2.055,3,4,192,3,ASP86; GLU12; ILE10,4,GLN131; GLY11; ILE10; VAL18,6.59,True
252,SANC00379,-2.023,0,3,144,3,ASN132; ILE10; LYS129,8,ALA144; ASN132; ASP86; GLN131; ILE10; LEU134; LYS33; VAL18,6.87,True
253,SANC00341,-1.845,1,6,288,5,ASN132; ASP145; ASP86; GLN131; LYS33,11,ALA31; ASP145; ASP86; GLN131; GLY13; ILE10; LEU134; LYS33; PHE80; VAL18; VAL64,4.56,True
254,[H][C@]3(Sc1ncn(C)c1C[C@@H](N)C(=O)O)[C@@H]5C(=O)C=C2S[C@@H]4C[C@]23c6c(N4)c..,-1.756,1,6,288,7,ASN132; ASP145; ASP86; GLN131; GLU12; GLU162; LYS129,8,ASP86; GLN131; GLU12; GLY13; ILE10; LYS129; LYS33; VAL18,3.98,True
255,SANC00242,-1.532,3,4,192,3,ASN132; GLN131; LYS129,4,GLN131; GLU12; GLY13; VAL18,5.77,True
256,SANC00370,-1.527,3,5,240,6,GLU12; ILE10; LEU83; LYS89; THR165; VAL163,8,ALA31; GLN131; GLU12; GLY11; ILE10; LEU134; THR165; VAL18,4.42,True
257,SANC00230,-1.391,2,6,288,4,ASP86; GLN131; GLU12; LYS129,9,ASP86; GLN131; GLU12; GLY11; GLY13; LEU134; LYS129; THR165; VAL18,7.19,True
258,SANC00228,-1.373,4,6,288,0,None,4,GLN131; GLU12; ILE10; LYS88,7.64,True
259,SANC00340,-1.344,1,3,144,4,ASP145; GLU12; LYS33; THR14,7,ALA144; ALA31; ASP145; GLU12; GLY13; LEU134; LYS129,5.6,True
260,SANC00188,-1.328,5,6,288,3,ASN132; ASP145; LYS33,9,ALA144; ASP145; GLN131; GLU12; GLY11; GLY13; LEU134; LYS33; VAL18,5.67,True
261,SANC00155,-1.195,2,6,288,1,LYS129,11,ASP86; GLN131; GLU12; GLU162; GLY11; ILE10; THR14; THR158; THR165; VAL164; VAL18,8.42,True
262,SANC00157,-0.981,2,6,288,4,ASP86; GLN131; LYS88; THR14,8,ASN132; ASP86; GLN131; GLY11; GLY13; LEU134; LYS129; VAL18,6.68,True
263,SANC00211,-0.219,0,6,288,0,None,7,ASP145; GLN131; GLU12; GLY11; GLY13; LYS33; VAL18,6.66,True
264,SANC00285,0.062,3,6,288,4,GLN131; HIS84; LEU83; LYS89,10,ALA31; ASN132; GLN131; GLY11; ILE10; LEU134; LYS129; LYS89; VAL18; VAL64,3.9,True
265,SANC00293,0.11,0,6,288,5,ASP86; GLN131; ILE10; LYS88; LYS89,15,ALA144; ALA31; ASP145; ASP86; GLN131; GLU12; GLY11; GLY13; ILE10; LEU134; LYS33; LYS88; LYS89; PHE80; VAL18,4.35,True
266,SANC00292,0.546,3,6,288,5,ASP145; GLN131; GLU12; LYS129; LYS33,8,ALA144; ASP145; GLU12; GLY11; GLY13; LEU134; LYS33; VAL18,5.41,True
267,SANC00121,0.778,2,6,288,2,ASP145; LYS33,9,ALA144; ALA31; ASP145; GLY11; ILE10; LEU134; LYS33; PHE80; VAL18,3.52,True
268,SANC00274,1.45,0,6,288,0,None,6,ASP86; GLU12; GLY11; GLY13; LEU134; VAL18,4.71,True
269,SANC00160,2.651,3,6,288,2,GLN131; LYS33,9,ALA144; ALA31; ASP145; GLN131; GLU12; GLY11; LYS33; PHE80; VAL18,5.89,True
270,SANC00250,2.89,5,6,288,2,ASP145; LEU83,9,ALA144; ALA31; GLN131; GLU81; GLY11; LEU134; LEU83; VAL18; VAL64,3.89,True
271,SANC00380,3.159,4,6,288,4,GLN131; GLU12; LEU83; LYS129,14,GLN131; GLN85; GLU12; GLY11; GLY13; HIS84; ILE10; LEU134; LEU83; LYS129; LYS33; THR14; THR165; VAL18,3.68,True
272,SANC00394,3.68,0,4,192,5,ASN132; GLN131; LYS129; LYS33; LYS88,7,ASP86; GLN131; GLY13; LEU134; THR14; THR158; VAL18,5.09,True
273,SANC00248,4.269,4,6,288,2,ASP86; GLU12,10,ALA144; ALA31; ASN132; ASP145; GLN131; GLY11; ILE10; LEU134; LYS33; VAL18,4.81,True
274,SANC00226,5.026,0,6,288,3,GLN131; GLU12; LYS129,10,ASN132; ASP86; GLN131; GLU12; HIS84; ILE10; LEU134; LEU298; LYS89; PHE82,3.62,True
275,SANC00159,5.121,5,6,288,9,ASN132; ASP127; ASP86; GLY16; LYS129; LYS33; LYS89; THR14; TYR15,14,ASP127; ASP86; GLN131; GLN85; GLY13; HIS84; ILE10; LEU83; LYS129; LYS89; PRO155; TYR15; VAL154; VAL18,3.85,True
276,SANC00156,6.29,1,6,288,3,GLY11; ILE10; LYS88,8,ASP86; GLN131; GLU12; GLY11; ILE10; LYS129; LYS88; VAL18,8.16,True
277,SANC00283,7.266,1,6,288,7,ASP86; GLN131; GLU12; ILE10; LYS129; LYS33; THR14,13,ASP145; ASP86; GLN131; GLU12; GLU162; GLY13; ILE10; LEU134; LYS129; LYS33; LYS89; THR14; VAL18,5.66,True
278,SANC00392,8.911,1,4,192,3,ASP145; GLU12; LYS33,13,ALA144; ASP145; ASP86; GLN131; GLU12; GLY11; ILE10; LEU134; LYS33; LYS88; PHE80; VAL18; VAL64,5.87,True
279,SANC00296,9.388,3,6,288,4,GLY11; ILE10; LYS88; LYS89,10,ALA144; ASN132; ASP145; ASP86; GLU162; GLY11; ILE10; LYS88; LYS89; VAL18,6.25,True
280,SANC00135,10.215,0,4,192,4,ASN132; GLN131; ILE10; LYS89,7,ALA31; ASP86; GLN131; ILE10; LEU134; LYS33; VAL18,3.74,True
281,SANC00386,10.243,2,6,288,4,ASP86; GLN131; GLU12; LYS129,13,ALA144; ALA31; ASP86; GLN131; GLN85; GLU12; GLY11; GLY13; ILE10; LEU134; LYS129; LYS33; VAL18,4.99,True
282,SANC00384,12.14,1,6,288,4,ASN132; ASP145; GLN131; LYS88,11,ALA144; ASN132; ASP145; GLN131; GLY11; GLY13; ILE10; LEU134; LYS88; THR158; VAL18,4.98,True
283,SANC00220,17.126,2,5,240,8,ASP145; GLN131; GLU12; GLU162; GLU81; LYS33; LYS88; VAL64,14,ALA144; ALA31; ASP145; GLN131; GLU12; GLU162; GLY11; GLY13; ILE10; LEU134; LYS33; PHE80; VAL18; VAL64,5.03,True
284,SANCDB00213,21.983,3,6,288,9,ASP145; GLN131; GLU81; ILE10; LEU83; LYS129; LYS33; LYS88; LYS89,14,ALA31; ASP145; ASP86; GLN131; ILE10; LEU134; LEU32; LEU83; LYS33; LYS89; PHE80; PHE82; VAL18; VAL64,3.23,True
285,SANC_00076,22.607,4,6,288,8,ASP86; GLN131; GLU12; LYS129; LYS33; LYS88; THR14; TYR15,14,ALA144; ASN132; ASP145; ASP86; GLN131; GLN85; GLY13; ILE10; LEU134; LEU148; LYS129; LYS89; TRP167; TYR15,5.46,True
286,SANC00393,23.157,0,4,192,2,GLN131; LYS88,14,ALA144; ALA31; ASP145; ASP86; GLN131; HIS84; ILE10; LEU134; LYS20; LYS33; PHE80; PHE82; VAL18; VAL64,4.03,True
287,SANC00401,33.68,0,1,48,10,ASN132; ASP127; ASP145; ASP86; GLN131; GLU12; ILE10; LYS129; LYS33; THR14,16,ASN132; ASP127; ASP145; ASP86; GLN131; GLU12; GLY11; GLY13; HIS125; ILE10; LEU148; LYS129; THR14; TYR15; VAL164; VAL18,7.18,True
288,SANC00400,38.049,1,2,96,9,ASN132; ASP145; GLN131; GLY13; GLY16; LYS129; LYS33; THR14; TYR15,16,ALA144; ALA31; ASN132; ASP145; ASP86; GLN131; GLY11; GLY13; ILE10; LEU134; LYS33; LYS89; PHE80; THR14; TYR15; VAL18,4.44,True
289,SANC00246,51.758,0,6,288,5,GLN131; GLU12; LEU83; PHE82; THR165,14,ALA31; GLN131; GLU12; GLU81; GLY13; ILE10; LEU134; LEU83; LYS129; PHE80; PHE82; THR165; VAL18; VAL29,3.05,True
290,SANC00388,55.331,0,1,48,9,ASN132; ASP127; ASP145; GLY13; GLY16; LYS129; LYS33; THR14; TYR15,16,ALA144; ALA31; ASN132; ASP127; ASP145; GLN131; GLU12; GLY13; LEU134; LYS129; LYS33; LYS88; PHE80; THR14; VAL18; VAL64,5.8,True
291,SANC00178,64.369,4,5,240,7,ALA149; ASN132; ASP145; GLU12; LEU148; THR14; TYR15,16,ALA149; ASN132; ASP127; ASP145; GLU12; GLY11; GLY13; GLY147; ILE10; LEU148; LYS129; LYS89; PHE152; THR14; TYR15; VAL154,8.48,True
292,SANC00395,69.527,0,1,48,11,ALA144; ASN132; ASP127; ASP145; HIS125; LYS129; LYS33; LYS88; PHE146; THR14; TYR15,13,ALA144; ASN132; ASP145; GLN131; GLU12; HIS125; LEU134; LEU143; LEU148; LYS33; PHE146; TRP167; TYR15,7.73,True
293,SANC00396,77.636,0,1,48,10,ASP86; GLN131; GLU8; HIS84; ILE10; LEU83; LYS20; LYS89; THR14; VAL163,18,ASN132; ASP145; ASP86; GLN131; GLN85; GLU12; GLU8; GLY13; ILE10; LEU134; LYS129; LYS20; LYS33; LYS89; LYS9; PHE82; TYR19; VAL18,2.15,True
294,SANC00402,88.564,0,1,48,13,ALA31; GLN131; GLU12; GLU81; GLY11; ILE10; LEU83; LYS129; PHE80; PHE82; THR165; VAL163; VAL30,18,ALA144; ALA31; ASP145; GLN131; GLU12; GLU81; GLY11; ILE10; LEU134; LEU83; LYS9; PHE80; PHE82; THR165; VAL163; VAL17; VAL18; VAL30,2.11,True
